timestamp,accelerometer,x,y,z,gyro,x,y,z,,,,,,,,,,,
622231.1673,3,-0.305,-0.144,10.02,,,,,,,,,,,average accelerometer,,,average gyro,
622231.225,3,-0.309,-0.151,10.028,,,,,,,,,,,x,-0.305250467,,x,7.13E-05
622231.2826,3,-0.305,-0.148,10.038,4,0.043,-0.081,0.001,5,-10.014,11.354,-7.13,,,y,-0.142084112,,y,-1.33E-04
622231.3402,3,-0.306,-0.145,10.043,4,-0.001,0.001,0,5,-10.089,12.245,-6.387,,,z,10.06681121,,z,-7.50E-06
622231.3979,3,-0.302,-0.143,10.048,4,0,0,0,5,-10.371,13.025,-6.285,,,,,,,
622231.4555,3,-0.305,-0.148,10.051,4,0,0,0,,,,,,,,,,,
622231.5131,3,-0.305,-0.148,10.05,4,0,0,0,5,-10.62,11.736,-5.896,,,,,,,
622231.5707,3,-0.309,-0.143,10.054,4,0,0,0,5,-12.123,11.98,-6.776,,,,,,,
622231.6283,3,-0.301,-0.144,10.051,4,0,0,0,,,,,,,,,,,
622231.686,3,-0.298,-0.142,10.052,4,0,0,0,5,-11.774,13.368,-6.377,,,,,,,
622231.7436,3,-0.301,-0.152,10.05,4,0,0,0,5,-10.083,10.764,-5.296,,,,,,,
622231.8012,3,-0.305,-0.144,10.059,4,0,0,0,5,-8.636,11.699,-5.803,,,,,,,
622231.8589,3,-0.301,-0.141,10.053,4,0,0,0,5,-10.706,13.405,-7.87,,,,,,,
622231.9165,3,-0.305,-0.142,10.055,4,0,0,0,5,-10.188,12.337,-7.417,,,,,,,
622231.9741,3,-0.308,-0.143,10.063,4,0,0,0,5,-11.589,13.196,-6.43,,,,,,,
622232.0318,3,-0.303,-0.148,10.061,4,0,0,0,,,,,,,,,,,
622232.0894,3,-0.304,-0.143,10.063,4,0,0,0,5,-10.394,13.422,-7.419,,,,,,,
622232.147,3,-0.304,-0.147,10.058,4,0,0,0,5,-10.023,13.231,-6.529,,,,,,,
622232.2046,3,-0.308,-0.145,10.064,4,0,-0.001,0,5,-10.237,12.033,-5.836,,,,,,,
622232.2623,3,-0.303,-0.144,10.06,4,0,0,0,5,-9.12,11.241,-4.317,,,,,,,
622232.3199,3,-0.305,-0.144,10.063,4,0,0,0,5,-10.417,12.059,-5.865,,,,,,,
622232.3775,3,-0.303,-0.145,10.064,4,0,0,0,5,-11.69,12.973,-7.222,,,,,,,
622232.4351,3,-0.303,-0.144,10.063,4,0,0,0,,,,,,,,,,,
622232.4928,3,-0.307,-0.144,10.058,4,0,0,0,5,-11.819,12.352,-5.653,,,,,,,
622232.5504,3,-0.305,-0.144,10.064,4,0,0,0,5,-11.841,13.722,-7.43,,,,,,,
622232.608,3,-0.303,-0.144,10.061,4,0,0,0,5,-10.878,13.043,-7.111,,,,,,,
622232.6657,3,-0.302,-0.144,10.066,4,0,0,0,5,-10.884,12.802,-7.559,,,,,,,
622232.7233,3,-0.304,-0.143,10.059,4,0,0,0,5,-11.105,11.852,-6.276,,,,,,,
622232.7809,3,-0.301,-0.141,10.063,4,0,0,0,5,-10.577,12.808,-6.093,,,,,,,
622232.8386,3,-0.3,-0.141,10.062,4,0,0,0,,,,,,,,,,,
622232.8962,3,-0.305,-0.144,10.062,4,0,0,0,5,-11.804,11.603,-7.866,,,,,,,
622232.9538,3,-0.305,-0.143,10.066,4,0,0,0,5,-9.518,12.311,-7.269,,,,,,,
622233.0114,3,-0.308,-0.143,10.062,4,0,0,0,5,-10.263,12.488,-6.581,,,,,,,
622233.0691,3,-0.302,-0.14,10.067,4,0,0,0,5,-10.352,10.924,-4.794,,,,,,,
622233.1267,3,-0.305,-0.144,10.06,4,0,0,0,5,-11.447,13.597,-8.22,,,,,,,
622233.1843,3,-0.305,-0.143,10.066,4,0,0,0,5,-11.392,13.58,-6.017,,,,,,,
622233.2419,3,-0.305,-0.144,10.063,4,0,0,0,,,,,,,,,,,
622233.2996,3,-0.305,-0.144,10.07,4,0,0,0,5,-11.761,12.34,-5.176,,,,,,,
622233.3572,3,-0.296,-0.14,10.068,4,0,0,0,5,-10.246,12.608,-4.828,,,,,,,
622233.4149,3,-0.309,-0.14,10.067,4,0,0,0,5,-10.596,12.996,-6.331,,,,,,,
622233.4725,3,-0.306,-0.143,10.065,4,0,0,0,5,-10.925,11.763,-6.953,,,,,,,
622233.5301,3,-0.301,-0.144,10.068,4,0,0,0,5,-10.928,11.853,-6.223,,,,,,,
622233.5877,3,-0.305,-0.148,10.062,4,0,0,0,5,-9.914,12.943,-8.401,,,,,,,
622233.6454,3,-0.305,-0.145,10.067,4,0,0,0,,,,,,,,,,,
622233.703,3,-0.304,-0.144,10.065,4,0,0,0,5,-10.651,13.19,-7.201,,,,,,,
622233.7606,3,-0.305,-0.144,10.064,4,0,0,0,5,-11.44,12.346,-5.331,,,,,,,
622233.8182,3,-0.301,-0.144,10.064,4,0,0,0,,,,,,,,,,,
622233.8759,3,-0.302,-0.14,10.059,4,0,0,0,5,-10.744,11.629,-7.152,,,,,,,
622233.9335,3,-0.301,-0.145,10.064,4,0,0,0,5,-10.405,12.93,-7.44,,,,,,,
622233.9911,3,-0.299,-0.141,10.062,4,0,0,0,5,-11.577,13.965,-7.385,,,,,,,
622234.0488,3,-0.307,-0.141,10.066,4,0,0,0,,,,,,,,,,,
622234.1064,3,-0.309,-0.144,10.064,4,0,0,0,5,-11.725,13.38,-7.439,,,,,,,
622234.164,3,-0.304,-0.143,10.063,4,0,0,0,5,-10.712,13.225,-8.359,,,,,,,
622234.2216,3,-0.305,-0.143,10.067,4,0,0,0,,,,,,,,,,,
622234.2793,3,-0.307,-0.144,10.062,4,0,0,0,5,-10.555,13.249,-8.043,,,,,,,
622234.3369,3,-0.301,-0.14,10.067,4,0,0,0,5,-10.37,12.624,-8.589,,,,,,,
622234.3945,3,-0.3,-0.146,10.063,4,0,0,0,5,-11.934,13.301,-5.833,,,,,,,
622234.4521,3,-0.301,-0.143,10.062,4,0,0,0,,,,,,,,,,,
622234.5098,3,-0.301,-0.145,10.063,4,0,0,0,5,-10.556,12.578,-7.126,,,,,,,
622234.5674,3,-0.299,-0.143,10.063,4,0,0,0,5,-10.06,13.412,-7.13,,,,,,,
622234.6251,3,-0.304,-0.143,10.064,4,0,0,0,,,,,,,,,,,
622234.6827,3,-0.305,-0.146,10.068,4,0,0,0,5,-9.877,12.598,-6.192,,,,,,,
622234.7403,3,-0.306,-0.143,10.068,4,0,0,0,5,-9.818,12.091,-5.498,,,,,,,
622234.7979,3,-0.303,-0.145,10.063,4,0,0,0,5,-9.979,12.114,-6.015,,,,,,,
622234.8556,3,-0.301,-0.144,10.067,4,0,0,0,,,,,,,,,,,
622234.9132,3,-0.304,-0.143,10.065,4,0,0,0.001,5,-11.522,14.124,-6.816,,,,,,,
622234.9708,3,-0.303,-0.146,10.065,4,0.001,0,0,5,-11.105,12.831,-7.796,,,,,,,
622235.0284,3,-0.302,-0.146,10.063,4,0,0,0,,,,,,,,,,,
622235.0861,3,-0.301,-0.144,10.064,4,0,0,0,5,-11.397,13.676,-8.913,,,,,,,
622235.1437,3,-0.305,-0.143,10.062,4,0,0,0,5,-10.303,13.571,-8.34,,,,,,,
622235.2013,3,-0.301,-0.144,10.064,4,0,0,0,5,-10.786,12.09,-7.462,,,,,,,
622235.259,3,-0.302,-0.142,10.063,4,0,0,0,5,-10.516,12.758,-6.876,,,,,,,
622235.3166,3,-0.304,-0.141,10.066,4,0,0,0,5,-9.334,11.798,-5.096,,,,,,,
622235.3742,3,-0.3,-0.143,10.063,4,0,0,0,5,-10.533,12.837,-5.173,,,,,,,
622235.4319,3,-0.305,-0.141,10.062,4,0,0,0,,,,,,,,,,,
622235.4895,3,-0.303,-0.145,10.06,4,0,0,0,5,-9.735,13.408,-6.432,,,,,,,
622235.5471,3,-0.303,-0.141,10.067,4,0,0,0,5,-11.322,12.776,-7.184,,,,,,,
622235.6047,3,-0.305,-0.143,10.068,4,0,0,0,5,-10.677,13.683,-6.532,,,,,,,
622235.6623,3,-0.304,-0.14,10.067,4,0,0,0,5,-10.406,12.758,-8.02,,,,,,,
622235.72,3,-0.301,-0.144,10.061,4,0,0,0,5,-11.121,12.34,-7.588,,,,,,,
622235.7776,3,-0.301,-0.144,10.067,4,0,0,0,5,-10.657,11.865,-7.668,,,,,,,
622235.8352,3,-0.306,-0.145,10.062,4,0,0,0,,,,,,,,,,,
622235.8929,3,-0.301,-0.143,10.059,4,0,0,0,5,-9.859,13.611,-7.095,,,,,,,
622235.9505,3,-0.302,-0.141,10.067,4,0,0,0,5,-10.036,12.529,-7.269,,,,,,,
622236.0081,3,-0.305,-0.145,10.065,4,0,0,0,5,-12.283,12.877,-7.384,,,,,,,
622236.0658,3,-0.303,-0.142,10.061,4,0,0,0,5,-11.469,12.407,-6.712,,,,,,,
622236.1234,3,-0.302,-0.146,10.063,4,0,0,0,5,-10.481,13.493,-7.497,,,,,,,
622236.181,3,-0.301,-0.144,10.067,4,0,0,0,5,-11.223,12.338,-5.522,,,,,,,
622236.2386,3,-0.3,-0.142,10.064,4,0,0,0,,,,,,,,,,,
622236.2963,3,-0.306,-0.143,10.064,4,-0.001,-0.001,0,5,-9.865,10.93,-5.594,,,,,,,
622236.3539,3,-0.302,-0.143,10.066,4,0,0,0,5,-9.886,11.761,-7.523,,,,,,,
622236.4115,3,-0.306,-0.144,10.062,4,0,0,0,5,-11.523,13.742,-7.558,,,,,,,
622236.4691,3,-0.302,-0.14,10.059,4,0,0,0,5,-10.725,11.42,-8.176,,,,,,,
622236.5268,3,-0.299,-0.144,10.063,4,0,0,0,5,-9.688,13.123,-7.808,,,,,,,
622236.5844,3,-0.305,-0.144,10.067,4,0,0,0,5,-11.041,12.593,-7.404,,,,,,,
622236.6421,3,-0.298,-0.14,10.065,4,0,0,0,,,,,,,,,,,
622236.6997,3,-0.303,-0.144,10.063,4,0,0,0,5,-12.135,13.899,-6.918,,,,,,,
622236.7573,3,-0.305,-0.144,10.066,4,0,0,0,5,-10.289,12.325,-6.769,,,,,,,
622236.8149,3,-0.301,-0.143,10.064,4,0,0,0,,,,,,,,,,,
622236.8726,3,-0.305,-0.142,10.068,4,0,0,0,5,-10.693,11.894,-7.623,,,,,,,
622236.9302,3,-0.309,-0.14,10.071,4,0,0,0,5,-10.495,12.897,-7.648,,,,,,,
622236.9878,3,-0.301,-0.141,10.063,4,0,0,0,5,-10.992,13.815,-6.763,,,,,,,
622237.0454,3,-0.305,-0.142,10.061,4,0,0,0,,,,,,,,,,,
622237.1031,3,-0.298,-0.143,10.065,4,0,0,0,5,-10.6,12.265,-7.324,,,,,,,
622237.1607,3,-0.301,-0.143,10.076,4,0,0,0,5,-11.182,13.396,-8.104,,,,,,,
622237.2183,3,-0.306,-0.141,10.067,4,0.001,0.001,0,,,,,,,,,,,
622237.276,3,-0.312,-0.144,10.066,4,0,0.001,0.001,5,-9.608,11.221,-5.78,,,,,,,
622237.3336,3,-0.301,-0.141,10.063,4,0.001,0,0,5,-10.011,11.844,-5.783,,,,,,,
622237.3912,3,-0.302,-0.145,10.066,4,0,0.001,0,5,-11.238,12.245,-6.512,,,,,,,
622237.4488,3,-0.307,-0.144,10.059,4,0,0,0,,,,,,,,,,,
622237.5065,3,-0.304,-0.144,10.066,4,0,0,0,5,-10.472,11.461,-5.307,,,,,,,
622237.5641,3,-0.31,-0.142,10.063,4,0,0,0,5,-10.239,12.57,-7.03,,,,,,,
622237.6217,3,-0.301,-0.144,10.067,4,0,0,0,,,,,,,,,,,
622237.6794,3,-0.3,-0.14,10.064,4,0,0,0,5,-11.015,12.708,-6.59,,,,,,,
622237.737,3,-0.304,-0.142,10.062,4,0,0,0,5,-10.368,13.753,-5.586,,,,,,,
622237.7946,3,-0.308,-0.14,10.065,4,0,0,0.001,5,-10.185,13.15,-5.116,,,,,,,
622237.8523,3,-0.302,-0.14,10.067,4,0,0,0,,,,,,,,,,,
622237.9099,3,-0.304,-0.14,10.065,4,0,0,0,5,-9.871,10.916,-5.797,,,,,,,
622237.9675,3,-0.303,-0.141,10.068,4,0,0,0,5,-9.656,11.353,-6.877,,,,,,,
622238.0251,3,-0.305,-0.141,10.063,4,0,0,0,,,,,,,,,,,
622238.0828,3,-0.306,-0.144,10.067,4,0,0,0,5,-10.35,12.917,-7.956,,,,,,,
622238.1404,3,-0.304,-0.144,10.063,4,0,0,0,5,-11.131,14.134,-7.43,,,,,,,
622238.198,3,-0.303,-0.139,10.067,4,0,0,0,5,-10.587,13.428,-7.985,,,,,,,
622238.2557,3,-0.303,-0.142,10.06,4,0,0,0,,,,,,,,,,,
622238.3133,3,-0.301,-0.14,10.063,4,0,0,0,5,-9.824,12.817,-5.67,,,,,,,
622238.3709,3,-0.305,-0.144,10.067,4,0,0,0,5,-11.342,12.665,-7.082,,,,,,,
622238.4285,3,-0.303,-0.14,10.067,4,0,0,0,,,,,,,,,,,
622238.4861,3,-0.298,-0.146,10.064,4,0,0,-0.001,5,-11.053,12.953,-8.862,,,,,,,
622238.5438,3,-0.304,-0.142,10.063,4,0,0,0,5,-11.554,12.642,-7.809,,,,,,,
622238.6014,3,-0.305,-0.138,10.067,4,0,0,0,5,-11.395,13.396,-8.037,,,,,,,
622238.6591,3,-0.31,-0.141,10.063,4,0,0,0,5,-10.049,13.333,-7.678,,,,,,,
622238.7167,3,-0.309,-0.14,10.062,4,0,0,0,5,-10.092,12.599,-7.364,,,,,,,
622238.7743,3,-0.311,-0.143,10.064,4,0,0,0,5,-9.674,13.246,-7.152,,,,,,,
622238.832,3,-0.3,-0.142,10.067,4,0,0,0,,,,,,,,,,,
622238.8896,3,-0.311,-0.144,10.066,4,0,0,0,5,-11.002,12.944,-6.458,,,,,,,
622238.9472,3,-0.304,-0.144,10.067,4,0,0,0,5,-11.189,10.629,-5.675,,,,,,,
622239.0048,3,-0.306,-0.141,10.071,4,0,0,0,5,-11.366,13.164,-6.465,,,,,,,
622239.0624,3,-0.305,-0.144,10.066,4,0,0,0,5,-11.963,14.25,-7.385,,,,,,,
622239.1201,3,-0.305,-0.144,10.067,4,0,0,0,5,-10.8,12.836,-7.594,,,,,,,
622239.1777,3,-0.301,-0.141,10.065,4,0,0,0,5,-12.068,12.086,-6.064,,,,,,,
622239.2353,3,-0.317,-0.146,10.059,4,0,0,0,,,,,,,,,,,
622239.293,3,-0.334,-0.156,10.099,4,-0.022,0.043,0,5,-9.76,12.404,-5.844,,,,,,,
622239.3506,3,-0.303,-0.137,10.045,4,0.014,-0.025,0,5,-10.608,12.801,-5.629,,,,,,,
622239.4082,3,-0.309,-0.143,10.062,4,0.009,-0.018,0,5,-10.76,11.444,-6.003,,,,,,,
622239.4658,3,-0.305,-0.139,10.07,4,0,0,0,5,-11.092,11.687,-6.453,,,,,,,
622239.5235,3,-0.308,-0.137,10.065,4,0,0,0,5,-10.878,13.486,-7.396,,,,,,,
622239.5811,3,-0.307,-0.141,10.067,4,0,-0.001,0,5,-10.025,13.492,-7.243,,,,,,,
622239.6387,3,-0.307,-0.145,10.068,4,0,0,0,,,,,,,,,,,
622239.6964,3,-0.312,-0.144,10.067,4,0,0,0,5,-10.606,13.385,-6.917,,,,,,,
622239.754,3,-0.309,-0.141,10.07,4,0,0,0,5,-9.659,11.935,-6.16,,,,,,,
622239.8116,3,-0.299,-0.141,10.067,4,0,0,0,5,-9.59,12.727,-7.016,,,,,,,
622239.8693,3,-0.305,-0.141,10.068,4,0,0,0,5,-10.907,13.406,-6.488,,,,,,,
622239.9269,3,-0.308,-0.144,10.069,4,0,0,0,5,-9.731,12.828,-7.198,,,,,,,
622239.9845,3,-0.302,-0.139,10.066,4,0,0,0,5,-11.214,12.761,-7.31,,,,,,,
622240.0421,3,-0.31,-0.142,10.064,4,0,0,0,,,,,,,,,,,
622240.0998,3,-0.303,-0.142,10.067,4,0,0,0,5,-11.63,12.469,-6.447,,,,,,,
622240.1574,3,-0.301,-0.14,10.069,4,0,0,0,5,-10.062,11.992,-5.521,,,,,,,
622240.215,3,-0.3,-0.14,10.063,4,0,0,0,,,,,,,,,,,
622240.2727,3,-0.306,-0.141,10.068,4,0,0,0,5,-9.315,13.406,-6.732,,,,,,,
622240.3303,3,-0.306,-0.14,10.065,4,0,0,0,5,-10.13,12.837,-6.845,,,,,,,
622240.3879,3,-0.305,-0.144,10.067,4,0,0,0,5,-11.932,12.781,-6.233,,,,,,,
622240.4456,3,-0.307,-0.14,10.066,4,0,0,0,,,,,,,,,,,
622240.5032,3,-0.304,-0.142,10.069,4,0,0,0,5,-11.298,13.167,-7.324,,,,,,,
622240.5608,3,-0.303,-0.137,10.067,4,0,0,0,5,-8.757,10.619,-3.494,,,,,,,
622240.6184,3,-0.306,-0.143,10.067,4,0,0,0,,,,,,,,,,,
622240.6761,3,-0.305,-0.144,10.069,4,0,0,0,5,-8.502,10.295,-3.911,,,,,,,
622240.7337,3,-0.309,-0.143,10.066,4,0,0,0,5,-9.421,11.475,-4.803,,,,,,,
622240.7913,3,-0.303,-0.146,10.065,4,0,0,0,5,-11.151,12.613,-7.126,,,,,,,
622240.849,3,-0.307,-0.143,10.07,4,0,0,0,,,,,,,,,,,
622240.9066,3,-0.306,-0.141,10.063,4,0,0,0,5,-10.12,11.89,-5.896,,,,,,,
622240.9642,3,-0.304,-0.137,10.067,4,0,0,0,5,-10.451,11.162,-6.026,,,,,,,
622241.0218,3,-0.311,-0.14,10.068,4,0,0,0,,,,,,,,,,,
622241.0794,3,-0.31,-0.143,10.067,4,0,-0.001,0,5,-9.854,11.319,-5.605,,,,,,,
622241.1371,3,-0.303,-0.142,10.072,4,0,0,0,5,-10.091,12.231,-7.08,,,,,,,
622241.1947,3,-0.31,-0.144,10.063,4,0,0,0,5,-11.264,13.124,-7.777,,,,,,,
622241.2523,3,-0.304,-0.141,10.069,4,0,0,0,,,,,,,,,,,
622241.31,3,-0.3,-0.14,10.067,4,0,0,0,5,-11.2,12.993,-6.12,,,,,,,
622241.3676,3,-0.305,-0.144,10.068,4,0,0,0,5,-9.599,12.869,-7.292,,,,,,,
622241.4253,3,-0.306,-0.142,10.067,4,0,0,0,,,,,,,,,,,
622241.4829,3,-0.304,-0.146,10.066,4,0,0,0,5,-11.223,13.274,-7.1,,,,,,,
622241.5405,3,-0.306,-0.141,10.068,4,0,0,0,5,-10.451,13.184,-8.569,,,,,,,
622241.5981,3,-0.31,-0.144,10.065,4,0,0,0,5,-10.963,12.66,-7.553,,,,,,,
622241.6557,3,-0.302,-0.144,10.061,4,0,0,0,5,-11.51,13.31,-7.272,,,,,,,
622241.7134,3,-0.311,-0.141,10.066,4,0,0,0,5,-11.079,12.086,-5.62,,,,,,,
622241.771,3,-0.304,-0.144,10.067,4,0,0,0,5,-10.934,13.025,-6.642,,,,,,,
622241.8286,3,-0.304,-0.14,10.065,4,0,0,-0.001,,,,,,,,,,,
622241.8863,3,-0.303,-0.139,10.072,4,0,0,0,5,-7.932,11.678,-4.865,,,,,,,
622241.9439,3,-0.308,-0.139,10.067,4,0,0,0,5,-10.963,13.405,-6.29,,,,,,,
622242.0015,3,-0.303,-0.138,10.061,4,0,0,0,5,-11.945,13.033,-7.408,,,,,,,
622242.0591,3,-0.303,-0.145,10.067,4,0,0,-0.001,5,-10.541,13.507,-6.247,,,,,,,
622242.1168,3,-0.309,-0.144,10.064,4,0,0,0,5,-10.419,12.978,-6.789,,,,,,,
622242.1744,3,-0.297,-0.143,10.066,4,0.001,0,0,5,-10.533,13.21,-7.007,,,,,,,
622242.2321,3,-0.304,-0.143,10.064,4,0,0,0,,,,,,,,,,,
622242.2897,3,-0.309,-0.143,10.067,4,0,0,0,5,-10.831,12.532,-5.983,,,,,,,
622242.3473,3,-0.301,-0.14,10.069,4,0,0,0,5,-10.245,12.187,-6.323,,,,,,,
622242.4049,3,-0.3,-0.14,10.069,4,0,0,0,5,-11.046,13.396,-7.381,,,,,,,
622242.4626,3,-0.308,-0.141,10.069,4,0,0,0,5,-10.608,13.237,-6.992,,,,,,,
622242.5202,3,-0.306,-0.143,10.067,4,0,0,0,5,-11.028,12.956,-7.127,,,,,,,
622242.5778,3,-0.306,-0.14,10.067,4,0,0,0,5,-10.916,12.845,-6.67,,,,,,,
622242.6354,3,-0.309,-0.145,10.068,4,0,0,0,,,,,,,,,,,
622242.693,3,-0.306,-0.137,10.065,4,0,0,0,5,-10.808,12.842,-7.156,,,,,,,
622242.7507,3,-0.305,-0.143,10.069,4,0,0,0,5,-10.332,11.578,-6.071,,,,,,,
622242.8083,3,-0.305,-0.142,10.069,4,0,0,0,5,-10.861,12.967,-7.153,,,,,,,
622242.866,3,-0.305,-0.142,10.066,4,0,0,0,5,-12.299,12.469,-7.539,,,,,,,
622242.9236,3,-0.301,-0.14,10.068,4,0,0,-0.001,5,-11.22,12.566,-7.214,,,,,,,
622242.9812,3,-0.307,-0.143,10.068,4,0,0,0,5,-11.623,12.642,-5.426,,,,,,,
622243.0388,3,-0.309,-0.142,10.075,4,0,0,0,,,,,,,,,,,
622243.0965,3,-0.304,-0.14,10.067,4,0,0,0,5,-11.02,11.926,-8.014,,,,,,,
622243.1541,3,-0.305,-0.14,10.066,4,0,0,0,5,-10.854,13.391,-6.279,,,,,,,
622243.2117,3,-0.308,-0.143,10.065,4,0,0,0,5,-10.1,12.77,-8.084,,,,,,,
622243.2693,3,-0.306,-0.142,10.066,4,0,0,0,5,-10.187,11.469,-5.859,,,,,,,
622243.327,3,-0.302,-0.14,10.067,4,0,0,0,5,-8.577,10.988,-5.733,,,,,,,
622243.3846,3,-0.31,-0.144,10.07,4,0,0,0,5,-10.329,12.204,-5.923,,,,,,,
622243.4423,3,-0.312,-0.143,10.067,4,-0.001,0,0,,,,,,,,,,,
622243.4999,3,-0.309,-0.146,10.064,4,0,0,0,5,-9.81,12.5,-6.833,,,,,,,
622243.5575,3,-0.304,-0.143,10.07,4,0,0,0,5,-9.741,12.334,-7.941,,,,,,,
622243.6151,3,-0.303,-0.141,10.067,4,0,-0.001,0,,,,,,,,,,,
622243.6728,3,-0.303,-0.14,10.069,4,0,0,0,5,-9.897,11.491,-7.114,,,,,,,
622243.7304,3,-0.305,-0.143,10.067,4,0,0,0,5,-11.078,12.444,-6.714,,,,,,,
622243.788,3,-0.301,-0.139,10.069,4,0,0,0,5,-10.866,12.251,-6.85,,,,,,,
622243.8456,3,-0.312,-0.142,10.072,4,0,0,0,,,,,,,,,,,
622243.9033,3,-0.305,-0.139,10.066,4,0,0,0,5,-10.553,12.563,-7.733,,,,,,,
622243.9609,3,-0.307,-0.144,10.07,4,0,0,0,5,-10.663,12.837,-7.127,,,,,,,
622244.0185,3,-0.298,-0.139,10.066,4,0,0,0,,,,,,,,,,,
622244.0762,3,-0.31,-0.143,10.066,4,0,0,0,5,-11.182,12.915,-7.87,,,,,,,
622244.1338,3,-0.302,-0.144,10.066,4,0,0,0,5,-10.149,12.485,-6.715,,,,,,,
622244.1914,3,-0.305,-0.144,10.067,4,0,0,0,5,-9.665,11.209,-6.042,,,,,,,
622244.249,3,-0.304,-0.142,10.063,4,0,0,0,,,,,,,,,,,
622244.3067,3,-0.305,-0.137,10.063,4,0,0,0,5,-10.577,12.486,-5.397,,,,,,,
622244.3643,3,-0.305,-0.138,10.067,4,0,0,0,5,-10.706,13.55,-6.808,,,,,,,
622244.4219,3,-0.305,-0.144,10.064,4,0,0,0,,,,,,,,,,,
622244.4795,3,-0.305,-0.142,10.067,4,0,0,0,5,-9.776,12.769,-7.41,,,,,,,
622244.5372,3,-0.302,-0.144,10.067,4,0,0,0,5,-10.088,12.943,-7.616,,,,,,,
622244.5948,3,-0.309,-0.138,10.068,4,0,0,0,5,-11.42,13.083,-7.196,,,,,,,
622244.6524,3,-0.3,-0.14,10.068,4,0,0,0,,,,,,,,,,,
622244.7101,3,-0.312,-0.142,10.067,4,0,0,0,5,-9.827,11.293,-7.024,,,,,,,
622244.7677,3,-0.305,-0.141,10.066,4,0,0,0,5,-8.879,11.479,-4.776,,,,,,,
622244.8253,3,-0.309,-0.138,10.066,4,0,0,0,,,,,,,,,,,
622244.883,3,-0.303,-0.141,10.062,4,0,0,0,5,-10.695,10.942,-6.944,,,,,,,
622244.9406,3,-0.305,-0.143,10.066,4,0,0,-0.001,5,-10.127,11.693,-6.549,,,,,,,
622244.9982,3,-0.305,-0.143,10.066,4,0,0,0,5,-11.632,12.163,-6.264,,,,,,,
622245.0558,3,-0.305,-0.145,10.068,4,0,0,0,5,-11.771,13.379,-7.736,,,,,,,
622245.1135,3,-0.305,-0.138,10.065,4,0,0,0,5,-11.029,14.232,-8.087,,,,,,,
622245.1711,3,-0.306,-0.144,10.067,4,0,0,0,5,-11.852,12.788,-7.242,,,,,,,
622245.2287,3,-0.305,-0.141,10.063,4,0,0,0,,,,,,,,,,,
622245.2863,3,-0.308,-0.141,10.064,4,0,0,0,5,-10.756,12.521,-5.626,,,,,,,
622245.344,3,-0.303,-0.139,10.063,4,0,0,0,5,-10.509,13.144,-7.011,,,,,,,
622245.4016,3,-0.31,-0.14,10.07,4,0,0,0,5,-11.446,13.121,-8.397,,,,,,,
622245.4593,3,-0.305,-0.14,10.068,4,0,0,0,5,-11.119,12.764,-7.056,,,,,,,
622245.5169,3,-0.309,-0.14,10.063,4,0,0,0,5,-11.407,11.534,-6.401,,,,,,,
622245.5745,3,-0.298,-0.14,10.068,4,0,0,0,5,-9.317,9.662,-4.462,,,,,,,
622245.6321,3,-0.302,-0.144,10.069,4,0,0,0,,,,,,,,,,,
622245.6898,3,-0.312,-0.139,10.067,4,0,0,0,5,-8.368,8.994,-3.674,,,,,,,
622245.7474,3,-0.302,-0.145,10.068,4,0,0,0,5,-9.227,11.749,-3.902,,,,,,,
622245.805,3,-0.306,-0.143,10.064,4,0,0,0,5,-10.583,13.443,-8.136,,,,,,,
622245.8626,3,-0.311,-0.138,10.067,4,0,0,0,5,-10.794,11.755,-6.555,,,,,,,
622245.9203,3,-0.301,-0.14,10.07,4,0,0,0,5,-10.489,12.123,-6.546,,,,,,,
622245.9779,3,-0.305,-0.143,10.065,4,0,0,0,5,-11.386,13.245,-6.619,,,,,,,
622246.0356,3,-0.309,-0.14,10.068,4,0,0,0,,,,,,,,,,,
622246.0932,3,-0.305,-0.14,10.066,4,0.001,0,0,5,-10.837,12.871,-7.533,,,,,,,
622246.1508,3,-0.308,-0.143,10.068,4,0,0,0,5,-10.486,13.338,-7.899,,,,,,,
622246.2084,3,-0.306,-0.14,10.07,4,0,0,0,5,-10.892,13.052,-8.261,,,,,,,
622246.2661,3,-0.3,-0.139,10.066,4,0,0,0,5,-7.993,11.8,-4.286,,,,,,,
622246.3237,3,-0.304,-0.138,10.066,4,0,0,0,5,-9.262,11.925,-5.054,,,,,,,
622246.3813,3,-0.307,-0.144,10.068,4,0,0,0,5,-11.716,13.351,-7.092,,,,,,,
622246.4389,3,-0.3,-0.142,10.065,4,0,0,0,,,,,,,,,,,
622246.4966,3,-0.305,-0.139,10.066,4,0,0,0,5,-9.045,8.913,-1.994,,,,,,,
622246.5542,3,-0.305,-0.142,10.07,4,0,0,0,5,-7.962,9.55,-3.278,,,,,,,
622246.6118,3,-0.305,-0.14,10.066,4,0,0,0,5,-7.925,9.465,-3.754,,,,,,,
622246.6695,3,-0.305,-0.147,10.067,4,0,0,0,5,-10.687,13.304,-6.477,,,,,,,
622246.7271,3,-0.309,-0.14,10.063,4,0,0,0,5,-10.101,12.657,-5.998,,,,,,,
622246.7847,3,-0.305,-0.139,10.062,4,0,0,0,5,-11.136,13.206,-6.551,,,,,,,
622246.8423,3,-0.308,-0.142,10.065,4,0,0,0,,,,,,,,,,,
622246.9,3,-0.308,-0.14,10.066,4,0,0,0,5,-9.715,13,-7.187,,,,,,,
622246.9576,3,-0.309,-0.142,10.067,4,0,0,0,5,-10.588,12.425,-6.534,,,,,,,
622247.0152,3,-0.303,-0.144,10.065,4,0,0,0,,,,,,,,,,,
622247.0728,3,-0.305,-0.142,10.066,4,0,0,0,5,-12.75,12.755,-6.677,,,,,,,
622247.1305,3,-0.301,-0.142,10.067,4,0,0,0,5,-11.028,13.005,-6.854,,,,,,,
622247.1881,3,-0.31,-0.139,10.071,4,0,0,0,5,-9.798,11.801,-6.108,,,,,,,
622247.2457,3,-0.301,-0.143,10.065,4,0,0,0,,,,,,,,,,,
622247.3033,3,-0.305,-0.142,10.069,4,0,0,0,5,-9.705,12.317,-6.256,,,,,,,
622247.361,3,-0.307,-0.137,10.068,4,0,0,0,5,-11.072,11.617,-4.901,,,,,,,
622247.4186,3,-0.307,-0.144,10.07,4,0,0,0,,,,,,,,,,,
622247.4763,3,-0.306,-0.141,10.064,4,0,0,0,5,-10.849,12.373,-6.979,,,,,,,
622247.5339,3,-0.302,-0.14,10.068,4,0,0,0,5,-10.13,12.994,-7.196,,,,,,,
622247.5915,3,-0.305,-0.142,10.069,4,0,0,0,5,-8.746,10.675,-4.643,,,,,,,
622247.6491,3,-0.305,-0.139,10.069,4,0,0,0,,,,,,,,,,,
622247.7068,3,-0.309,-0.143,10.068,4,0,0,0,5,-10.497,11.157,-6.853,,,,,,,
622247.7644,3,-0.307,-0.141,10.066,4,0,0,0,5,-9.282,10.385,-2.962,,,,,,,
622247.822,3,-0.308,-0.142,10.068,4,0,0,0,,,,,,,,,,,
622247.8796,3,-0.304,-0.144,10.066,4,0,0,0,5,-10.922,12.715,-7.651,,,,,,,
622247.9373,3,-0.308,-0.143,10.067,4,0,0,-0.001,5,-10.699,12.299,-6.429,,,,,,,
622247.9949,3,-0.308,-0.141,10.071,4,-0.001,0,0,5,-11.768,12.354,-6.476,,,,,,,
622248.0526,3,-0.305,-0.144,10.066,4,0,0,0,,,,,,,,,,,
622248.1102,3,-0.305,-0.142,10.068,4,0,0,0,5,-10.4,12.657,-7.399,,,,,,,
622248.1678,3,-0.31,-0.14,10.074,4,0,0,0,5,-10.657,12.854,-7.78,,,,,,,
622248.2254,3,-0.306,-0.14,10.071,4,0,0,-0.001,,,,,,,,,,,
622248.283,3,-0.305,-0.137,10.071,4,0,0,0,5,-9.058,11.855,-4.95,,,,,,,
622248.3407,3,-0.306,-0.14,10.069,4,0,0,0,5,-9.744,10.472,-5.42,,,,,,,
622248.3983,3,-0.308,-0.142,10.073,4,0,0,0,5,-10.303,11.786,-7.568,,,,,,,
622248.4559,3,-0.308,-0.144,10.072,4,0,0,0,5,-11.273,12.531,-7.642,,,,,,,
622248.5135,3,-0.309,-0.14,10.069,4,0,0,0,5,-11.235,13.409,-7.14,,,,,,,
622248.5712,3,-0.309,-0.143,10.067,4,0,0,0,5,-11.38,13.113,-6.845,,,,,,,
622248.6288,3,-0.306,-0.142,10.069,4,0,0,0,,,,,,,,,,,
622248.6865,3,-0.307,-0.14,10.068,4,0,0,0,5,-11.179,12.801,-8.101,,,,,,,
622248.7441,3,-0.309,-0.14,10.067,4,0,0,0,5,-10.829,12.595,-6.483,,,,,,,
622248.8017,3,-0.306,-0.14,10.068,4,0,0,0,5,-10.182,12.514,-5.588,,,,,,,
622248.8593,3,-0.306,-0.136,10.068,4,0,0,0,5,-11.659,12.404,-7.341,,,,,,,
622248.917,3,-0.305,-0.138,10.067,4,0,0,0,5,-11.128,12.485,-6.297,,,,,,,
622248.9746,3,-0.3,-0.14,10.067,4,0,0,0,5,-11.511,12.917,-6.602,,,,,,,
622249.0322,3,-0.31,-0.14,10.069,4,0,0,0,,,,,,,,,,,
622249.0898,3,-0.305,-0.141,10.071,4,0,0,0,5,-10.408,12.074,-6.161,,,,,,,
622249.1475,3,-0.308,-0.14,10.069,4,0,0,0,5,-10.101,11.647,-4.298,,,,,,,
622249.2051,3,-0.303,-0.142,10.07,4,0,0,0.001,5,-9.805,10.649,-5.246,,,,,,,
622249.2627,3,-0.308,-0.143,10.073,4,0,0,0,5,-10.416,11.668,-5.597,,,,,,,
622249.3204,3,-0.303,-0.143,10.067,4,0,0,0.001,5,-9.692,12.033,-5.865,,,,,,,
622249.378,3,-0.308,-0.143,10.069,4,0,0.001,0,,,,,,,,,,,
622249.4356,3,-0.306,-0.141,10.067,4,0,0,0,5,-10.678,14.45,-6.679,,,,,,,
622249.4933,3,-0.311,-0.144,10.068,4,0,0,0,5,-10.706,13.542,-6.889,,,,,,,
622249.5509,3,-0.308,-0.14,10.071,4,0,0,0,5,-11.096,13.022,-6.517,,,,,,,
622249.6085,3,-0.309,-0.14,10.071,4,0,0,0,5,-10.995,12.411,-6.68,,,,,,,
622249.6661,3,-0.305,-0.142,10.067,4,0,0,0,5,-11.835,13.152,-6.381,,,,,,,
622249.7238,3,-0.306,-0.139,10.071,4,0,0,0,5,-10.065,11.948,-6.313,,,,,,,
622249.7814,3,-0.305,-0.142,10.071,4,0,0.001,0,5,-9.653,12.556,-6.984,,,,,,,
622249.839,3,-0.307,-0.138,10.07,4,0,0,0,,,,,,,,,,,
622249.8966,3,-0.305,-0.141,10.07,4,0,0,0,5,-11.687,12.146,-6.319,,,,,,,
622249.9543,3,-0.302,-0.139,10.072,4,0,0,0,5,-11.244,11.848,-7.228,,,,,,,
622250.0119,3,-0.31,-0.144,10.067,4,0,0,0,,,,,,,,,,,
622250.0695,3,-0.304,-0.14,10.068,4,0,0,0,5,-11.116,14.034,-6.169,,,,,,,
622250.1272,3,-0.303,-0.14,10.07,4,0,0,-0.001,5,-10.489,13.274,-7.19,,,,,,,
622250.1848,3,-0.303,-0.14,10.069,4,0,0,0,5,-11.476,13.307,-8.379,,,,,,,
622250.2424,3,-0.298,-0.146,10.071,4,0,0,0,,,,,,,,,,,
622250.3,3,-0.313,-0.142,10.075,4,0,0,0,5,-10.565,12.451,-5.15,,,,,,,
622250.3577,3,-0.298,-0.14,10.068,4,0,0,0,5,-9.843,12.727,-6.818,,,,,,,
622250.4153,3,-0.315,-0.144,10.071,4,0,0,0,,,,,,,,,,,
622250.4729,3,-0.301,-0.14,10.077,4,0,0,0,5,-11.673,12.447,-6.384,,,,,,,
622250.5306,3,-0.312,-0.136,10.071,4,0,0,0,5,-10.341,12.674,-6.158,,,,,,,
622250.5882,3,-0.297,-0.14,10.071,4,0,0,0,5,-9.927,12.648,-6.316,,,,,,,
622250.6458,3,-0.311,-0.146,10.068,4,0,0,0,,,,,,,,,,,
622250.7035,3,-0.306,-0.143,10.07,4,0,0,0,5,-9.846,11.351,-5.969,,,,,,,
622250.7611,3,-0.301,-0.137,10.075,4,0,0,0,5,-10.489,12.149,-7.529,,,,,,,
622250.8187,3,-0.313,-0.14,10.073,4,0,0,0,,,,,,,,,,,
622250.8763,3,-0.303,-0.14,10.068,4,0,0,0,5,-11.055,12.485,-6.873,,,,,,,
622250.934,3,-0.314,-0.14,10.072,4,0,0,0,5,-11.087,12.892,-7.147,,,,,,,
622250.9916,3,-0.304,-0.137,10.071,4,0,0,0,5,-11.668,13.751,-7.993,,,,,,,
622251.0492,3,-0.315,-0.144,10.068,4,0,0,0,,,,,,,,,,,
622251.1069,3,-0.301,-0.144,10.063,4,0,0,0,5,-11.198,12.587,-6.068,,,,,,,
622251.1645,3,-0.313,-0.142,10.069,4,0,0,0,5,-11.548,14.304,-6.749,,,,,,,
622251.2221,3,-0.302,-0.142,10.07,4,-0.001,0,0,,,,,,,,,,,
622251.2797,3,-0.308,-0.141,10.07,4,0,0,0,5,-10.214,11.751,-7.103,,,,,,,
622251.3374,3,-0.295,-0.143,10.069,4,0,0,0,5,-9.315,12.036,-7.137,,,,,,,
622251.395,3,-0.315,-0.145,10.068,4,0,0,0,5,-10.712,11.778,-6.645,,,,,,,
622251.4526,3,-0.307,-0.144,10.075,4,0,0,0,,,,,,,,,,,
622251.5103,3,-0.306,-0.143,10.068,4,0,0,0,5,-11.714,12.709,-6.606,,,,,,,
622251.5679,3,-0.306,-0.138,10.069,4,0,0,0,5,-10.681,13.681,-7.44,,,,,,,
622251.6255,3,-0.306,-0.137,10.07,4,0,0,0,,,,,,,,,,,
622251.6831,3,-0.306,-0.144,10.069,4,0,0,0,5,-10.719,12.772,-6.757,,,,,,,
622251.7408,3,-0.308,-0.139,10.067,4,0,0,0,5,-11.325,13.297,-5.4,,,,,,,
622251.7984,3,-0.309,-0.142,10.072,4,0,0,0,5,-11.05,13.567,-7.458,,,,,,,
622251.856,3,-0.303,-0.14,10.069,4,0,0,0,5,-11.559,13.541,-7.263,,,,,,,
622251.9136,3,-0.31,-0.141,10.069,4,0,0,-0.001,5,-10.951,12.724,-7.404,,,,,,,
622251.9713,3,-0.303,-0.144,10.072,4,0,0,0,5,-11.058,14.034,-7.484,,,,,,,
622252.0289,3,-0.307,-0.14,10.069,4,0,0,0,,,,,,,,,,,
622252.0865,3,-0.313,-0.144,10.069,4,0,0,0,5,-10.844,13.089,-6.686,,,,,,,
622252.1442,3,-0.301,-0.14,10.074,4,0,0,0,5,-10.73,12.679,-7.99,,,,,,,
622252.2018,3,-0.308,-0.14,10.067,4,0,0,0,5,-10.022,10.57,-5.132,,,,,,,
622252.2594,3,-0.308,-0.142,10.068,4,0,0,0,5,-9.52,10.765,-4.492,,,,,,,
622252.3171,3,-0.309,-0.144,10.07,4,0,0,0,5,-9.491,10.693,-4.559,,,,,,,
622252.3747,3,-0.301,-0.141,10.067,4,0.001,0,0,5,-10.77,12.546,-5.174,,,,,,,
622252.4323,3,-0.31,-0.146,10.067,4,0,0,0,,,,,,,,,,,
622252.4899,3,-0.309,-0.139,10.07,4,0,0,0,5,-10.898,13.197,-7.304,,,,,,,
622252.5476,3,-0.301,-0.144,10.072,4,0,0,0,5,-11.499,13.254,-7.187,,,,,,,
622252.6052,3,-0.309,-0.145,10.066,4,0,0,0,5,-11.427,12.642,-6.592,,,,,,,
622252.6628,3,-0.309,-0.138,10.071,4,0,0,0,5,-11.472,11.749,-6.853,,,,,,,
622252.7205,3,-0.305,-0.14,10.07,4,0,0,0,5,-10.435,11.649,-7.156,,,,,,,
622252.7781,3,-0.305,-0.141,10.071,4,0,0,0,5,-10.594,11.47,-6.621,,,,,,,
622252.8357,3,-0.313,-0.14,10.071,4,0,0,0,,,,,,,,,,,
622252.8933,3,-0.304,-0.145,10.072,4,0,0,0,5,-10.478,12.973,-7.727,,,,,,,
622252.951,3,-0.317,-0.145,10.071,4,0,0,0,5,-11.128,12.955,-6.728,,,,,,,
622253.0086,3,-0.305,-0.142,10.071,4,0,0,0,5,-11.774,12.163,-6.136,,,,,,,
622253.0662,3,-0.301,-0.14,10.07,4,0,0,-0.001,5,-10.678,12.462,-7.127,,,,,,,
622253.1239,3,-0.311,-0.142,10.067,4,0,0,0,5,-10.591,12.741,-6.732,,,,,,,
622253.1815,3,-0.311,-0.14,10.07,4,0,0,0,5,-10.986,13.057,-6.642,,,,,,,
622253.2391,3,-0.301,-0.141,10.071,4,0,0,0,,,,,,,,,,,
622253.2968,3,-0.315,-0.142,10.071,4,0,0,0,5,-10.201,12.331,-5.554,,,,,,,
622253.3544,3,-0.306,-0.144,10.068,4,0,0,0,5,-11.887,14.02,-6.332,,,,,,,
622253.412,3,-0.306,-0.141,10.068,4,0,0,0,,,,,,,,,,,
622253.4696,3,-0.314,-0.141,10.074,4,0,0,0.001,5,-11.61,12.662,-6.827,,,,,,,
622253.5273,3,-0.309,-0.141,10.072,4,0,0,0,5,-10.173,10.938,-5.681,,,,,,,
622253.5849,3,-0.303,-0.14,10.069,4,0,0,0,5,-10.643,12.498,-6.232,,,,,,,
622253.6425,3,-0.315,-0.139,10.069,4,0,0,0,,,,,,,,,,,
622253.7002,3,-0.305,-0.144,10.071,4,0,0,0,5,-10.162,12.633,-6.154,,,,,,,
622253.7578,3,-0.303,-0.142,10.076,4,0,0,0,5,-10.497,11.324,-4.66,,,,,,,
622253.8154,3,-0.311,-0.14,10.067,4,0,0,0,,,,,,,,,,,
622253.873,3,-0.309,-0.141,10.071,4,0,0,0,5,-10.945,12.654,-6,,,,,,,
622253.9306,3,-0.305,-0.141,10.07,4,0,0,0,5,-10.681,12.126,-6.477,,,,,,,
622253.9883,3,-0.306,-0.141,10.071,4,0,0,0,5,-10.727,12.663,-9.28,,,,,,,
622254.0459,3,-0.308,-0.141,10.066,4,0,0,0,,,,,,,,,,,
622254.1035,3,-0.305,-0.138,10.071,4,0,0,0,5,-10.852,13.228,-7.626,,,,,,,
622254.1612,3,-0.312,-0.143,10.07,4,0,0,0,5,-10.593,12.929,-7.295,,,,,,,
622254.2188,3,-0.307,-0.141,10.07,4,0,0,0,,,,,,,,,,,
622254.2764,3,-0.308,-0.138,10.072,4,0,0,0,5,-10.605,13.406,-7.706,,,,,,,
622254.3341,3,-0.305,-0.141,10.069,4,0,0,0,5,-11.774,13.025,-7.095,,,,,,,
622254.3917,3,-0.304,-0.141,10.069,4,0,0,0,5,-10.968,12.859,-7.965,,,,,,,
622254.4493,3,-0.305,-0.141,10.074,4,0,0,0,,,,,,,,,,,
622254.5069,3,-0.314,-0.142,10.071,4,0,0,0,5,-11.034,14.066,-7.016,,,,,,,
622254.5646,3,-0.3,-0.144,10.073,4,0,0,0,5,-10.623,11.966,-6.29,,,,,,,
622254.6222,3,-0.31,-0.142,10.071,4,0,0,0,,,,,,,,,,,
622254.6798,3,-0.305,-0.139,10.071,4,0,0,0,5,-10.199,11.676,-7.556,,,,,,,
622254.7375,3,-0.313,-0.144,10.07,4,0,0,0,5,-10.339,11.462,-7.614,,,,,,,
622254.7951,3,-0.302,-0.14,10.07,4,0,0,0,5,-11.432,12.602,-7.013,,,,,,,
622254.8527,3,-0.31,-0.143,10.072,4,0,0,0,5,-11.159,12.979,-6.743,,,,,,,
622254.9103,3,-0.31,-0.14,10.071,4,0,0,0,5,-10.135,10.359,-5.106,,,,,,,
622254.968,3,-0.308,-0.144,10.071,4,0,0,0,5,-9.146,9.195,-3.572,,,,,,,
622255.0256,3,-0.301,-0.142,10.07,4,0,0,0,,,,,,,,,,,
622255.0832,3,-0.304,-0.142,10.071,4,0,0,0,5,-8.174,10.931,-3.577,,,,,,,
622255.1409,3,-0.309,-0.14,10.068,4,0,0,0,5,-8.736,9.993,-4.254,,,,,,,
622255.1985,3,-0.305,-0.142,10.068,4,0,0,0,5,-10.294,13.495,-6.43,,,,,,,
622255.2561,3,-0.312,-0.141,10.07,4,0,0,0,5,-10.51,12.448,-5.774,,,,,,,
622255.3137,3,-0.305,-0.143,10.069,4,0,0,0,5,-9.773,12.152,-6.352,,,,,,,
622255.3714,3,-0.311,-0.14,10.069,4,0,0,0,5,-9.175,11.914,-7.283,,,,,,,
622255.429,3,-0.309,-0.14,10.067,4,0,0,0,,,,,,,,,,,
622255.4866,3,-0.305,-0.144,10.069,4,0,0,0,5,-10.445,12.724,-7.408,,,,,,,
622255.5442,3,-0.308,-0.141,10.073,4,0,0,0,5,-10.414,13.091,-7.706,,,,,,,
622255.6019,3,-0.305,-0.142,10.07,4,0,0,0.001,5,-11.084,13.335,-6.514,,,,,,,
622255.6595,3,-0.308,-0.139,10.071,4,0,0,0,5,-10.638,12.469,-7.388,,,,,,,
622255.7172,3,-0.306,-0.139,10.068,4,0,0,0,5,-10.378,12.166,-6.995,,,,,,,
622255.7748,3,-0.301,-0.14,10.067,4,0,0,0,5,-10.704,12.555,-7.263,,,,,,,
622255.8324,3,-0.309,-0.142,10.067,4,0,0,0,,,,,,,,,,,
622255.89,3,-0.312,-0.139,10.065,4,0,0,0,5,-11.22,12.9,-7.211,,,,,,,
622255.9476,3,-0.304,-0.143,10.071,4,0,0,0,5,-11.549,12.82,-7.768,,,,,,,
622256.0053,3,-0.298,-0.137,10.068,4,0,0,-0.001,5,-11.275,13.164,-7.57,,,,,,,
622256.0629,3,-0.315,-0.141,10.071,4,0,0,-0.001,5,-11.25,12.505,-6.532,,,,,,,
622256.1205,3,-0.309,-0.144,10.071,4,0,0,0,5,-10.902,12.097,-6.784,,,,,,,
622256.1782,3,-0.299,-0.14,10.066,4,-0.001,0,0,5,-10.609,12.709,-7.51,,,,,,,
622256.2358,3,-0.318,-0.143,10.07,4,0,0,0,,,,,,,,,,,
622256.2934,3,-0.292,-0.138,10.071,4,0,0,0,5,-9.314,10.463,-5.432,,,,,,,
622256.3511,3,-0.305,-0.141,10.065,4,0,-0.001,-0.001,5,-8.919,12.14,-6.288,,,,,,,
622256.4087,3,-0.304,-0.142,10.063,4,0,-0.001,0.001,5,-10.458,12.543,-7.262,,,,,,,
622256.4663,3,-0.313,-0.141,10.067,4,-0.001,0,0.001,5,-10.378,13.145,-7.631,,,,,,,
622256.5239,3,-0.29,-0.144,10.073,4,0,0,-0.001,5,-10.696,12.892,-8.232,,,,,,,
622256.5816,3,-0.31,-0.146,10.064,4,0,0,-0.001,5,-8.627,11.348,-5.241,,,,,,,
622256.6392,3,-0.31,-0.143,10.07,4,0,0,0.001,,,,,,,,,,,
622256.6968,3,-0.301,-0.144,10.068,4,0,0,0,5,-10.208,11.903,-5.247,,,,,,,
622256.7545,3,-0.308,-0.144,10.069,4,0,0,0,5,-10.666,12.538,-5.714,,,,,,,
622256.8121,3,-0.302,-0.144,10.067,4,0,0,0,,,,,,,,,,,
622256.8697,3,-0.302,-0.14,10.065,4,0,0,0,5,-10.98,13.051,-7.056,,,,,,,
622256.9273,3,-0.301,-0.143,10.067,4,0,0,0,5,-11.404,13.327,-7.408,,,,,,,
622256.985,3,-0.311,-0.146,10.07,4,0,0,0.001,5,-10.512,13.376,-6.384,,,,,,,
622257.0426,3,-0.294,-0.143,10.07,4,0,0,0,,,,,,,,,,,
622257.1002,3,-0.315,-0.143,10.067,4,0,0,0,5,-10.251,12.524,-7.602,,,,,,,
622257.1579,3,-0.301,-0.139,10.07,4,0,0,0.001,5,-11.644,13.803,-7.436,,,,,,,
622257.2155,3,-0.301,-0.146,10.068,4,0,0,-0.001,,,,,,,,,,,
622257.2731,3,-0.304,-0.145,10.073,4,0,0,0,5,-10.199,12.071,-5.644,,,,,,,
622257.3307,3,-0.307,-0.143,10.073,4,0,0,0,5,-10.19,11.392,-6.494,,,,,,,
622257.3884,3,-0.298,-0.14,10.069,4,0,0,0,5,-11.05,11.351,-6.725,,,,,,,
622257.446,3,-0.306,-0.144,10.067,4,0,0,0,,,,,,,,,,,
622257.5036,3,-0.309,-0.14,10.066,4,0,0,0,5,-11.54,13.278,-7.823,,,,,,,
622257.5612,3,-0.298,-0.143,10.069,4,0,0,-0.001,5,-12.604,13.766,-7.298,,,,,,,
622257.6189,3,-0.309,-0.147,10.071,4,0,0,0,,,,,,,,,,,
622257.6765,3,-0.302,-0.142,10.069,4,0,0,0,5,-11.916,12.109,-7.126,,,,,,,
622257.7342,3,-0.307,-0.14,10.069,4,0,0,0,5,-11.943,12.502,-7.979,,,,,,,
622257.7918,3,-0.303,-0.142,10.071,4,0,0,0,5,-10.951,11.041,-6.453,,,,,,,
622257.8494,3,-0.307,-0.142,10.064,4,0,0,0,,,,,,,,,,,
622257.907,3,-0.3,-0.144,10.07,4,0,0,0,5,-11,13.283,-7.32,,,,,,,
622257.9646,3,-0.301,-0.14,10.067,4,0,0,0,5,-11.464,13.017,-9.062,,,,,,,
622258.0223,3,-0.308,-0.144,10.067,4,0,0,0,,,,,,,,,,,
622258.0799,3,-0.297,-0.144,10.071,4,0,0,0,5,-11.009,13.408,-6.522,,,,,,,
622258.1375,3,-0.306,-0.139,10.064,4,0,0,0,5,-12.383,12.897,-7.106,,,,,,,
622258.1952,3,-0.3,-0.141,10.065,4,0,0,0,5,-11.74,12.552,-7.454,,,,,,,
622258.2528,3,-0.305,-0.142,10.066,4,0,0,0,5,-11.183,11.836,-7.881,,,,,,,
622258.3105,3,-0.299,-0.142,10.069,4,0,0,0,5,-10.486,12.086,-5.199,,,,,,,
622258.3681,3,-0.305,-0.143,10.069,4,0,0,0,5,-11.273,14.095,-5.736,,,,,,,
622258.4257,3,-0.294,-0.141,10.066,4,0,0,0,,,,,,,,,,,
622258.4833,3,-0.302,-0.141,10.071,4,0,0,0,5,-11.34,13.837,-7.607,,,,,,,
622258.541,3,-0.308,-0.139,10.067,4,0,0,0,5,-10.405,12.987,-7.561,,,,,,,
622258.5986,3,-0.301,-0.14,10.072,4,0,0,0,5,-11.661,12.094,-7.399,,,,,,,
622258.6562,3,-0.305,-0.148,10.068,4,0,0,0,5,-10.02,12.355,-7.539,,,,,,,
622258.7138,3,-0.309,-0.145,10.07,4,0,0,0,5,-10.143,12.402,-7.884,,,,,,,
622258.7714,3,-0.303,-0.144,10.072,4,0,0,0,5,-11.496,12.794,-6.615,,,,,,,
622258.8291,3,-0.303,-0.143,10.073,4,0,0,0,,,,,,,,,,,
622258.8867,3,-0.309,-0.142,10.071,4,0,0,0,5,-11.975,13.039,-7.899,,,,,,,
622258.9443,3,-0.306,-0.14,10.065,4,0,0,0,5,-11.906,13.548,-6.688,,,,,,,
622259.002,3,-0.305,-0.144,10.066,4,0,0,0,5,-11.325,13.551,-7.204,,,,,,,
622259.0596,3,-0.305,-0.144,10.067,4,0,0,0,5,-10.931,12.437,-8.092,,,,,,,
622259.1172,3,-0.309,-0.14,10.067,4,0,0,0,5,-10.872,12.489,-7.872,,,,,,,
622259.1749,3,-0.3,-0.144,10.068,4,0,0,0,5,-11.275,12.489,-7.048,,,,,,,
622259.2325,3,-0.305,-0.144,10.07,4,0,0,0,,,,,,,,,,,
622259.2901,3,-0.306,-0.143,10.067,4,0,0,0,5,-10.565,12.033,-5.894,,,,,,,
622259.3477,3,-0.302,-0.144,10.074,4,0,0,0,5,-8.722,10.999,-5.682,,,,,,,
622259.4054,3,-0.306,-0.143,10.069,4,0,0,0,5,-9.732,12.692,-7.863,,,,,,,
622259.463,3,-0.302,-0.144,10.067,4,0,0,0,5,-11.064,12.7,-7.497,,,,,,,
622259.5206,3,-0.306,-0.144,10.07,4,0,0,0,5,-10.567,12.125,-6.485,,,,,,,
622259.5782,3,-0.305,-0.141,10.067,4,0,0,0,,,,,,,,,,,
622259.6359,3,-0.305,-0.144,10.067,4,0,0,0,5,-11.514,12.717,-5.544,,,,,,,
622259.6935,3,-0.306,-0.144,10.068,4,0,0,0,5,-9.824,10.826,-5.162,,,,,,,
622259.7512,3,-0.308,-0.146,10.067,4,0,0,0,5,-10.556,11.79,-5.93,,,,,,,
622259.8088,3,-0.306,-0.141,10.069,4,0,0,0,5,-11.522,13.095,-7.487,,,,,,,
622259.8664,3,-0.305,-0.148,10.071,4,0,0,0,5,-10.66,12.662,-7.277,,,,,,,
622259.924,3,-0.304,-0.142,10.071,4,0,0,0,5,-10.886,12.57,-7.452,,,,,,,
622259.9817,3,-0.304,-0.14,10.069,4,0,0,0,5,-12.402,13.867,-7.152,,,,,,,
622260.0393,3,-0.304,-0.14,10.062,4,0,0,0,,,,,,,,,,,
622260.0969,3,-0.305,-0.141,10.071,4,0,0,0,5,-11.694,13.039,-8.253,,,,,,,
622260.1545,3,-0.3,-0.144,10.067,4,0,0,0,5,-10.715,12.332,-6.496,,,,,,,
622260.2122,3,-0.308,-0.139,10.068,4,0,0,0,,,,,,,,,,,
622260.2698,3,-0.304,-0.142,10.063,4,0,0,0,5,-11.162,11.449,-6.178,,,,,,,
622260.3274,3,-0.31,-0.142,10.069,4,0,0,0,5,-9.865,11.18,-5.481,,,,,,,
622260.3851,3,-0.307,-0.142,10.074,4,0,0,0,5,-11.54,13.132,-8.176,,,,,,,
622260.4427,3,-0.305,-0.143,10.067,4,0,0,0,,,,,,,,,,,
622260.5003,3,-0.305,-0.142,10.068,4,0,0,0,5,-11.18,12.286,-7.739,,,,,,,
622260.5579,3,-0.303,-0.143,10.07,4,0,0,0,5,-11.752,13.11,-7.599,,,,,,,
622260.6156,3,-0.305,-0.14,10.068,4,0,0,0,5,-11.342,12.663,-6.758,,,,,,,
622260.6732,3,-0.303,-0.143,10.072,4,0,-0.001,0,5,-11.232,13.445,-7.851,,,,,,,
622260.7308,3,-0.309,-0.144,10.067,4,0,0,0,5,-10.876,11.942,-6.822,,,,,,,
622260.7884,3,-0.304,-0.142,10.067,4,0,0,0,5,-10.979,13.779,-8.006,,,,,,,
622260.8461,3,-0.305,-0.142,10.074,4,0,0,0,,,,,,,,,,,
622260.9037,3,-0.304,-0.144,10.066,4,0,0,0,5,-10.228,13.368,-7.816,,,,,,,
622260.9613,3,-0.302,-0.14,10.067,4,0,0,0,5,-9.064,11.534,-4.407,,,,,,,
622261.019,3,-0.305,-0.145,10.068,4,0,0,0,,,,,,,,,,,
622261.0766,3,-0.304,-0.141,10.071,4,0,0,0,5,-10.434,12.508,-7.236,,,,,,,
622261.1342,3,-0.309,-0.141,10.069,4,0,0,0,5,-10.716,12.564,-6.807,,,,,,,
622261.1919,3,-0.305,-0.146,10.066,4,0,0,0,5,-10.733,12.378,-7.397,,,,,,,
622261.2495,3,-0.306,-0.141,10.071,4,0,0,0,,,,,,,,,,,
622261.3071,3,-0.301,-0.144,10.067,4,0,0,0,5,-9.715,12.112,-7.314,,,,,,,
622261.3647,3,-0.309,-0.142,10.07,4,0,0,0,5,-8.014,9.743,-6.725,,,,,,,
622261.4224,3,-0.303,-0.141,10.067,4,0,0,0,,,,,,,,,,,
622261.48,3,-0.301,-0.14,10.071,4,0,0,0,5,-8.273,9.79,-4.919,,,,,,,
622261.5376,3,-0.301,-0.14,10.07,4,0,0,0,5,-7.219,9.344,-3.625,,,,,,,
622261.5952,3,-0.305,-0.142,10.071,4,0,0,0,,,,,,,,,,,
622261.6529,3,-0.305,-0.144,10.068,4,0,0,0,5,-11.238,13.211,-7.851,,,,,,,
622261.7105,3,-0.306,-0.143,10.067,4,0,0,0,5,-10.593,12.012,-7.153,,,,,,,
622261.7682,3,-0.309,-0.144,10.067,4,0,0,0,5,-9.904,10.963,-5.156,,,,,,,
622261.8258,3,-0.303,-0.141,10.068,4,0,0,0,,,,,,,,,,,
622261.8834,3,-0.309,-0.144,10.083,4,0,0,0,5,-10.788,12.219,-8.02,,,,,,,
622261.941,3,-0.302,-0.14,10.043,4,-0.005,0.012,0,5,-11.163,12.299,-8.109,,,,,,,
